App Id,App Name,Auth,Gaia,Auth Z,Gaia Z,NIL Score,NIL Theta,,PH Upvotes,# of Months since Last Review,Decay Score,PH Score,PH Theta,,TMUI Usability,Usefulness,Credibility,Desirbility,Usability Z,Usefulness Z,Credibility Z,Desirability Z,TMUI Score,TMUI Theta,,Sept Reach,Oct Reach,Log(Reach),Growth Ineligible?,Growth %,Reach Z,Growth Z,Awario Score,Awario Theta,,Average Score,Score Last Round,Final Score
2000,pDrive,4,1,0.2597855365,0.4732319217,0.3665087291,0.6053996441,,602.7,0,602.7,2.890929903,1.700273479,,98.44,96.09,88.28,82.81,1.600160524,1.759744484,1.203368462,1.659342187,1.555653914,1.247258559,,,,,TRUE,,,,,,,1.184310561,,1.184310561
1896,Arcane Maps,4,1,0.2597855365,0.4732319217,0.3665087291,0.6053996441,,778,1,700.2,3.450215871,1.857475672,,87.7,88.28,86.92,70.9,0.8823248185,1.272046088,1.106245725,0.9279692025,1.047146459,1.023301744,,0,13574198,7.133,TRUE,,1.846579395,,1.846579395,1.35888903,,1.211266522,1.079509232,1.1783272
1318,Dmail,4,1,0.2597855365,0.4732319217,0.3665087291,0.6053996441,,1198.6,4,786.40146,3.944690405,1.986124469,,85.75,83.07,84.88,73.97,0.75199152,0.9467056725,0.9605616207,1.116492717,0.9439378826,0.9715646569,,"5,600,000",17817792,7.251,FALSE,218.175%,1.894260459,-0.0857,0.9042687956,0.9509304893,,1.128504815,1.241010191,1.156631159
1991,Photo Vault,4,1,0.2597855365,0.4732319217,0.3665087291,0.6053996441,,690.3,0,690.3,3.393426835,1.842125629,,92.19,79.69,87.5,65.63,1.182425593,0.7356402976,1.147665716,0.6043474034,0.9175197525,0.9578725137,,,,,TRUE,,,,,,,1.135132596,,1.135132596
2001,Secure Calendar,4,1,0.2597855365,0.4732319217,0.3665087291,0.6053996441,,504.1,0,504.1,2.325334042,1.524904601,,93.75,87.5,94.53,75,1.286692232,1.223338694,1.649704567,1.179743278,1.334869692,1.15536561,,,,,TRUE,,,,,,,1.095223285,,1.095223285
1765,SatsHi,4,1,0.2597855365,0.4732319217,0.3665087291,0.6053996441,,754.3,1,678.87,3.32786131,1.824242668,,81.25,74.31,78.47,60.42,0.4512223696,0.3996841683,0.5027993112,0.284410103,0.409528988,0.6399445195,,0,837816,5.923,TRUE,,1.358399984,,1.358399984,1.165504176,,1.058772752,1.073772912,1.062522792
1844,MyPodium,4,1,0.2597855365,0.4732319217,0.3665087291,0.6053996441,,671.9,1,604.71,2.902459799,1.703660705,,87.3,64.06,76.56,66.02,0.8555897829,-0.2403809479,0.3663989975,0.6282966447,0.4024761193,0.6344100561,,0,1775400,6.249,TRUE,,1.490032808,,1.490032808,1.220669,,1.041034851,1.042545244,1.04141245
1077,Airtext,4,1,0.2597855365,0.4732319217,0.3665087291,0.6053996441,,775.1,8,333.6551345,1.347616898,1.160869027,,88.07,81.44,84.77,65.66,0.9070547264,0.8449197077,0.9527061052,0.6061896527,0.827717548,0.9097898373,,"128,000",9931363,6.997,FALSE,7658.877%,1.791808865,6.2681,4.029964518,2.007477153,,1.170883915,0.6223640887,1.033753959
2014,Dclouds,4,1,0.2597855365,0.4732319217,0.3665087291,0.6053996441,,977.3,0,977.3,5.039735274,2.244935472,,79.69,69.53,76.56,45.31,0.3469557308,0.1011952653,0.3663989975,-0.6434694766,0.04277012927,0.2068094032,,,,,TRUE,,,,,,,1.019048173,,1.019048173
1714,Arcane Docs,4,1,0.2597855365,0.4732319217,0.3665087291,0.6053996441,,547.1,2,443.151,1.975714345,1.405601062,,95.07,85.59,81.3,75.44,1.374917849,1.104068023,0.7049002996,1.206762935,1.097662277,1.04769379,,"1,600,000",410397,5.613,FALSE,-74.350%,1.233306712,-0.3355,0.4488938883,0.669995439,,0.9321724837,1.122846278,0.9798409322
1595,Trove,4,1,0.2597855365,0.4732319217,0.3665087291,0.6053996441,,986.5,3,719.1585,3.558966877,1.886522429,,87.94,91.94,86.72,81.1,0.8983658399,1.500596168,1.09196297,1.554333975,1.261314738,1.123082694,,"34,100",4624,3.665,FALSE,-86.440%,0.4470206921,-0.3458,0.05058899861,0.2249199827,,0.9599811876,1.018535057,0.974619655
1438,BentenSound,4,1,0.2597855365,0.4732319217,0.3665087291,0.6053996441,,891.5,3,649.9035,3.161701751,1.778117474,,88.15,75.48,79.67,60.42,0.9124017336,0.4727452596,0.5884958434,0.284410103,0.5645132349,0.7513409578,,"827,200",163479,5.213,FALSE,-80.237%,1.071971167,-0.3405,0.3657126236,0.6047417826,,0.9348999646,1.0162083,0.9552270485
1183,Lander,4,1,0.2597855365,0.4732319217,0.3665087291,0.6053996441,,668.2,7,319.5979886,1.266981365,1.125602667,,91.47,89.46,86.35,80.83,1.134302529,1.345731633,1.065539873,1.537753731,1.270831941,1.127311821,,"2,900,000",2715459,6.434,FALSE,-6.363%,1.564515802,-0.2775,0.643526395,0.8022009692,,0.9151287754,0.9595256174,0.9262279859
1708,dPhone,4,1,0.2597855365,0.4732319217,0.3665087291,0.6053996441,,641.7,2,519.777,2.41526149,1.554111157,,85.4,82.13,79.88,71.87,0.7285983639,0.888007018,0.6034927366,0.9875352642,0.8019083456,0.8954933532,,"1,300,000",347491,5.541,FALSE,-73.270%,1.204142401,-0.3346,0.4347729682,0.6593731631,,0.9285943295,0.9096268153,0.9238524509
1846,Startup List,4,1,0.2597855365,0.4732319217,0.3665087291,0.6053996441,,353.4,1,318.06,1.258159053,1.121676893,,78.51,69.14,83.01,64.26,0.2680873758,0.07684156821,0.827017858,0.5202180173,0.4230412048,0.6504161782,,0,62669,4.797,TRUE,,0.9039088361,,0.9039088361,0.9507412035,,0.8320584798,0.9921555234,0.8720827407
1985,Compress Studio,4,1,0.2597855365,0.4732319217,0.3665087291,0.6053996441,,206.3,0,206.3,0.6170739268,0.7855405316,,94.7,88.19,88.19,89.58,1.350187941,1.266426004,1.196941222,2.075076452,1.472157905,1.213325144,,,,,TRUE,,,,,,,0.8680884399,,0.8680884399
1480,Bitcoin4Photos,4,1,0.2597855365,0.4732319217,0.3665087291,0.6053996441,,530.1,3,386.4429,1.65042158,1.284687347,,86.38,85.62,81.82,75.66,0.7940992011,1.105941384,0.7420354636,1.220272763,0.965587203,0.9826429682,,"540,200",87531,4.942,FALSE,-83.797%,0.9624747307,-0.3436,0.3094446262,0.5562774723,,0.857251858,0.8465980632,0.8545884093
1716,Arcane Photos,4,1,0.2597855365,0.4732319217,0.3665087291,0.6053996441,,473.9,2,383.859,1.635599642,1.278905642,,85.5,78.03,86.33,63.23,0.7352821228,0.6319809715,1.064111597,0.4569674569,0.7220855371,0.8497561633,,"561,900",8210,3.914,FALSE,-98.539%,0.5476481411,-0.3562,0.09573686894,0.3094137504,,0.7608688,0.9827554978,0.8163404744
1715,Arcane Sheets,4,1,0.2597855365,0.4732319217,0.3665087291,0.6053996441,,317.5,2,257.175,0.9089064767,0.9533658672,,76.76,83.79,81.64,64.26,0.1511215951,0.9916663441,0.7291809838,0.5202180173,0.5980467351,0.7733348143,,"243,000",793158,5.899,FALSE,226.402%,1.348798792,-0.0787,0.6350508664,0.7969007883,,0.7822502785,0.874747581,0.8053746041
1453,Envelop,4,1,0.2597855365,0.4732319217,0.3665087291,0.6053996441,,226.6,3,165.1914,0.3812640484,0.6174658277,,91.43,83.4,79.32,76.42,1.131629025,0.967312647,0.5635010215,1.266943079,0.9823464433,0.991133918,,"135,300",1613917,6.208,FALSE,1092.843%,1.473317748,0.6612,1.06725049,1.033078162,,0.8117693881,0.7660812886,0.8003473632
1117,BitPatron,4,1,0.2597855365,0.4732319217,0.3665087291,0.6053996441,,501.6,6,266.5708056,0.9628033201,0.9812254176,,80.06,74.8,75.04,70.99,0.3716856387,0.4302824031,0.2578500568,0.9334959505,0.4983285123,0.7059238714,,"225,441",1077461,6.032,FALSE,377.935%,1.402494346,0.0507,0.7265976873,0.8524069962,,0.7862389824,0.8080716543,0.7916971503
1423,BlackHole,4,1,0.2597855365,0.4732319217,0.3665087291,0.6053996441,,383.5,4,251.61435,0.8770091073,0.936487644,,80.87,87.99,76.36,78.8,0.4258240858,1.253936928,0.3521162422,1.41309486,0.861243029,0.9280318039,,"133,800",279147,5.446,FALSE,108.630%,1.165755861,-0.1793,0.4932446668,0.7023137951,,0.7930582218,0.7800375289,0.7898030486
1597,SafeNotes,4,1,0.2597855365,0.4732319217,0.3665087291,0.6053996441,,507,3,369.603,1.553823429,1.24652454,,86.77,73.73,82.42,66.11,0.8201658608,0.3634658495,0.7848837297,0.6338233927,0.6505847082,0.8065883139,,"239,300",10969,4.040,FALSE,-95.416%,0.5984305301,-0.3535,0.1224613359,0.3499447613,,0.7521143148,0.8460614177,0.7756010905
1862,Lists,4,1,0.2597855365,0.4732319217,0.3665087291,0.6053996441,,301.7,1,271.53,0.99125058,0.9956156789,,93.75,73.63,90.82,52.15,1.286692232,0.3572213118,1.384759455,-0.2234366292,0.7013090924,0.8374419934,,0,3963,3.598,TRUE,,0.4199820819,,0.4199820819,0.6480602456,,0.7716293905,0.645682071,0.7401425606
2011,Evergreen Photos,4,1,0.2597855365,0.4732319217,0.3665087291,0.6053996441,,167.8,0,167.8,0.3962276727,0.6294661808,,89.06,83.59,75.78,76.56,0.9732239395,0.9791772687,0.3106962516,1.275540243,0.8846594257,0.9405633555,,,,,TRUE,,,,,,,0.7251430601,,0.7251430601
1097,Forms.id,4,1,0.2597855365,0.4732319217,0.3665087291,0.6053996441,,398.4,7,190.553485,0.5267477226,0.7257738784,,79.49,81.16,83.16,64.88,0.333588213,0.8274350021,0.8377299245,0.5582911701,0.6392610774,0.79953804,,"950,500",343907,5.536,FALSE,-63.818%,1.202325178,-0.3265,0.437899869,0.6617400313,,0.6981128985,0.7849969003,0.7198338989
1858,POW!,4,1,0.2597855365,0.4732319217,0.3665087291,0.6053996441,,130.4,1,117.36,0.1068903986,0.3269409712,,70.71,80.08,83.2,67.38,-0.2532458182,0.7599939947,0.8405864756,0.7118119477,0.5147866499,0.7174863413,,0,747269,5.873,TRUE,,1.338352543,,1.338352543,1.156871878,,0.7016747087,0.6241734226,0.6822993872
1571,BlockSurvey,4,1,0.2597855365,0.4732319217,0.3665087291,0.6053996441,,146.8,3,107.0172,0.04756134313,0.2180856326,,94.68,92.48,92.77,84.13,1.34885119,1.534316672,1.52401632,1.740401157,1.536896335,1.239716231,,"1,018,219",40034,4.602,FALSE,-96.068%,0.8253588775,-0.3541,0.2356471202,0.4854349804,,0.6371591222,0.8017045799,0.6782954866
2009,Culinary,4,1,0.2597855365,0.4732319217,0.3665087291,0.6053996441,,154.1,0,154.1,0.3176408239,0.5635963306,,88.28,79.69,81.25,64.84,0.9210906201,0.7356402976,0.7013296108,0.5558348377,0.7284738416,0.8535067906,,,,,TRUE,,,,,,,0.6741675884,,0.6741675884
1630,EZResize,4,1,0.2597855365,0.4732319217,0.3665087291,0.6053996441,,332.9,2,269.649,0.9804606631,0.9901821363,,85.4,83.94,81.06,71.78,0.7285983639,1.001033151,0.6877609932,0.9820085162,0.849850256,0.9218732321,,"61,700",177,2.248,FALSE,-99.713%,-0.1248970429,-0.3572,-0.2410370836,-0.4909552766,,0.506624934,0.9106922001,0.6076417505
1744,Land Ho!,4,1,0.2597855365,0.4732319217,0.3665087291,0.6053996441,,85.9,1,77.31,-0.1228470682,-0.3504954611,,91.02,89.65,81.84,87.3,1.104225614,1.357596254,0.7434637391,1.935065503,1.285087778,1.133617121,,0,671393,5.827,TRUE,,1.319585127,,1.319585127,1.148731965,,0.6343133173,0.4314708875,0.5836027099
825,Recall,4,1,0.2597855365,0.4732319217,0.3665087291,0.6053996441,,399.8,10,139.4016404,0.2333271182,0.4830394582,,86.84,80.67,86.93,66.32,0.824844492,0.7968367673,1.106959863,0.646719138,0.8438400651,0.9186076775,,"9,300",5402,3.733,FALSE,-41.914%,0.4742784572,-0.3078,0.08322889568,0.2884941866,,0.5738852416,0.6104846266,0.5830350878
1250,Pgeon,4,1,0.2597855365,0.4732319217,0.3665087291,0.6053996441,,302,5,178.32798,0.45661897,0.675735873,,88.89,76.12,71.61,54.03,0.9618615494,0.512710301,0.01290080228,-0.1079890045,0.3448709121,0.587257109,,"201,400",640669,5.807,FALSE,218.108%,1.311374673,-0.0858,0.6127972485,0.7828136742,,0.6628015751,0.3180377508,0.576610619
1712,Dadroit API Studio,4,1,0.2597855365,0.4732319217,0.3665087291,0.6053996441,,218,0,218,0.6841882429,0.8271567221,,70.95,69.58,63.13,59.62,-0.2372047969,0.1043175342,-0.5926880251,0.2352834542,-0.1225729584,-0.3501042108,,0,1434144,6.157,TRUE,,1.452617788,,1.452617788,1.205245945,,0.5719245251,,0.5719245251
1459,Gekri,4,1,0.2597855365,0.4732319217,0.3665087291,0.6053996441,,190.6,2,154.386,0.3192813961,0.5650499058,,89.26,90.09,83.74,82.37,0.9865914573,1.38507222,0.8791499151,1.63232253,1.220784031,1.104890959,,"738,600",268,2.428,FALSE,-99.964%,-0.05218403452,-0.3574,-0.2047875714,-0.452534608,,0.4557014752,0.9087762369,0.5689701656
1729,Nomie,4,1,0.2597855365,0.4732319217,0.3665087291,0.6053996441,,295.7,1,266.13,0.9602747418,0.9799360907,,67.19,67.19,72.66,58.59,-0.4885141314,-0.04492691732,0.08788526794,0.1720328938,-0.06838072175,-0.2614970779,,0,86530,4.937,TRUE,,0.9604586786,,0.9604586786,0.9800299376,,0.5759671486,0.441879312,0.5424451895
1713,Dadroit JSON Viewer,4,1,0.2597855365,0.4732319217,0.3665087291,0.6053996441,,379.6,2,307.476,1.19744641,1.094278945,,70.12,71.88,73.44,68.95,-0.2926799957,0.2479419017,0.1435880139,0.808222996,0.226768229,0.4762018784,,"19,700",2474,3.393,FALSE,-87.442%,0.3373958926,-0.3467,-0.004651110067,-0.0681990474,,0.5269203551,,0.5269203551
1460,Mindtalk,4,1,0.2597855365,0.4732319217,0.3665087291,0.6053996441,,91.6,3,66.7764,-0.1832706033,-0.4281011602,,93.12,86.12,92.3,74.91,1.244584551,1.137164073,1.490451845,1.17421653,1.26160425,1.123211578,,42,20174,4.305,TRUE,,0.7052329015,,0.7052329015,0.8397814605,,0.5350728807,0.3179056752,0.4807810793
1746,SimpleForm,4,1,0.2597855365,0.4732319217,0.3665087291,0.6053996441,,395,1,355.5,1.472924864,1.21364116,,77.89,57.9,64.06,44.29,0.2266480706,-0.6250444715,-0.5262732127,-0.7061059538,-0.4076938918,-0.6385091165,,0,36789,4.566,TRUE,,0.8105423547,,0.8105423547,0.9003012578,,0.5202082363,0.2821981847,0.4607057234
755,Block Photos,4,1,0.2597855365,0.4732319217,0.3665087291,0.6053996441,,61.7,11,19.36211378,-0.4552515774,-0.6747233339,,91.33,83.56,83.66,69.47,1.124945267,0.9773039074,0.8734368129,0.8401553177,0.9539603261,0.976708926,,"3,000",85694,4.933,FALSE,2756.467%,0.9587569888,2.0818,1.520279499,1.232996147,,0.5350953459,0.2246615773,0.4574869037
1867,Help A Stranger Out,4,1,0.2597855365,0.4732319217,0.3665087291,0.6053996441,,85.4,1,76.86,-0.1254283881,-0.3541587047,,83.59,76.56,82.81,71.88,0.6076223278,0.540186267,0.8127351026,0.9881493473,0.7371732612,0.8585879461,,0,24085,4.382,TRUE,,0.7362917131,,0.7362917131,0.8580744217,,0.4919758268,0.3355288116,0.452864073
945,Xor Drive,4,1,0.2597855365,0.4732319217,0.3665087291,0.6053996441,,127.9,9,49.55108054,-0.2820796235,-0.5311116865,,91.31,92.59,88.59,83.64,1.123608515,1.541185663,1.225506733,1.710311085,1.400152999,1.183280609,,"116,800",43527,4.639,FALSE,-62.734%,0.8400215277,-0.3256,0.257211119,0.5071598554,,0.4411821054,0.4709423227,0.4486221598
1893,GitHuman,4,1,0.2597855365,0.4732319217,0.3665087291,0.6053996441,,150.1,1,135.09,0.2085944008,0.4567213601,,71.09,65.63,75.78,49.22,-0.2278475344,-0.1423417057,0.3106962516,-0.4033629805,-0.1157139923,-0.3401675944,,0,1628472,6.212,TRUE,,1.474891421,,1.474891421,1.214451078,,0.484101122,0.2107361485,0.4157598786
831,BlockVault,4,1,0.2597855365,0.4732319217,0.3665087291,0.6053996441,,278.2,10,97.00234204,-0.009886549493,-0.0994311294,,74.28,77.5,74.52,61.26,-0.01463562556,0.5988849216,0.2207148928,0.3359930842,0.2852393183,0.5340780077,,0,15671,4.195,TRUE,,0.6609599882,,0.6609599882,0.8129944577,,0.463260245,0.2026417372,0.3981056181
1965,Flashbrain,4,1,0.2597855365,0.4732319217,0.3665087291,0.6053996441,,58.8,0,58.8,-0.2290253582,-0.4785659392,,87.5,84.38,85.16,78.91,0.8689573007,1.028509117,0.9805574782,1.419849774,1.074468417,1.036565684,,,,,TRUE,,,,,,,0.3877997963,,0.3877997963
1458,JustSnake,4,1,0.2597855365,0.4732319217,0.3665087291,0.6053996441,,156.2,3,113.8698,0.08686968184,0.2947366313,,90.71,73.39,85.51,67.13,1.083505961,0.3422344213,1.0055523,0.6964598699,0.7819381382,0.8842726605,,"25,600",0,0.000,FALSE,-100.000%,-1.032176754,-0.3574,-0.6947994238,-0.8335462937,,0.2377156606,0.6613628284,0.3436274525
1416,dMy Blog,4,1,0.2597855365,0.4732319217,0.3665087291,0.6053996441,,27.1,5,16.002279,-0.4745244845,-0.688857376,,85.45,85.25,82.89,74.72,0.7319402433,1.082836595,0.8184482048,1.162548951,0.9489434984,0.9741373098,,0,68188,4.834,TRUE,,0.9187028324,,0.9187028324,0.9584898708,,0.4622923622,-0.05745961731,0.3323543673
1723,dcrypt,4,1,0.2597855365,0.4732319217,0.3665087291,0.6053996441,,56.6,0,56.6,-0.2416451441,-0.4915741491,,82.81,80.47,80.47,73.44,0.5554890084,0.7843476918,0.6456268649,1.083946312,0.7673524694,0.8759865692,,,,,TRUE,,,,,,,0.3299373547,,0.3299373547
1839,psdPhotos,4,1,0.2597855365,0.4732319217,0.3665087291,0.6053996441,,50.3,1,45.27,-0.3066370417,-0.5537481754,,71.09,78.91,74.22,60.16,-0.2278475344,0.6869329034,0.1992907598,0.2684439421,0.2317050177,0.4813574739,,0,129425,5.112,TRUE,,1.031028553,,1.031028553,1.015395762,,0.3871011761,0.1389764289,0.3250699893
1087,Radicle,4,1,0.2597855365,0.4732319217,0.3665087291,0.6053996441,,107,7,51.1777683,-0.2727485093,-0.5222532999,,78.25,74.03,73.96,65.83,0.2507096027,0.3821994627,0.1807231778,0.6166290656,0.3575653272,0.597967664,,"3,700",50150,4.700,FALSE,1255.405%,0.8648477895,0.8000,0.8324238782,0.9123726641,,0.3983716681,0.08558117231,0.3201740441
1397,Paid.co,4,1,0.2597855365,0.4732319217,0.3665087291,0.6053996441,,98.3,4,64.49463,-0.1963594438,-0.4431246369,,77.08,70.32,75.02,58.8,0.1725096236,0.1505271133,0.2564217812,0.1849286391,0.1910967893,0.4371461876,,"72,300",245685,5.390,FALSE,239.813%,1.143374553,-0.0672,0.5380646969,0.7335289339,,0.3332375322,0.2701577088,0.3174675763
1870,RestHuman,4,1,0.2597855365,0.4732319217,0.3665087291,0.6053996441,,138.6,1,124.74,0.1492240442,0.3862952811,,63.48,62.5,68.56,49.42,-0.7364815865,-0.3377957364,-0.204911217,-0.3910813183,-0.4175674645,-0.6461946027,,0,2809684,6.449,TRUE,,1.57049481,,1.57049481,1.253193844,,0.3996735415,0.06597066984,0.3162478236
1439,Lannister,4,1,0.2597855365,0.4732319217,0.3665087291,0.6053996441,,199.7,4,131.02317,0.1852659808,0.4304253487,,82.01,75.35,80.1,59.52,0.5020189372,0.4646273606,0.6192037675,0.2291426231,0.4537481721,0.6736083225,,"110,900",0,0.000,FALSE,-100.000%,-1.032176754,-0.3574,-0.6947994238,-0.8335462937,,0.2189717554,0.5794443594,0.3090899064
505,Blockusign,4,1,0.2597855365,0.4732319217,0.3665087291,0.6053996441,,87.5,11,27.45842716,-0.4088089675,-0.6393817072,,81.07,85.06,81.72,71.83,0.4391916036,1.070971973,0.7348940859,0.9850789317,0.8075341486,0.8986290384,,0,5065,3.705,TRUE,,0.4629877233,,0.4629877233,0.6804320122,,0.3862697469,0.0600846695,0.3047234775
1569,Daily Bookmark,4,1,0.2597855365,0.4732319217,0.3665087291,0.6053996441,,47,3,34.263,-0.3697761253,-0.6080922013,,91.46,77.54,85.3,64.4,1.133634153,0.6013827366,0.9905554069,0.5288151808,0.8135968694,0.9019960473,,0,2598,3.415,TRUE,,0.3459681135,,0.3459681135,0.5881905418,,0.371873508,0.0503461643,0.2914916721
1092,Sigle,4,1,0.2597855365,0.4732319217,0.3665087291,0.6053996441,,145.3,8,62.54688561,-0.2075322244,-0.4555570484,,93.91,86.19,87.09,76.56,1.297386246,1.141535249,1.118386067,1.275540243,1.208211951,1.09918695,,"2,500",1461,3.165,FALSE,-41.560%,0.2450728366,-0.3075,-0.03122277807,-0.1766996833,,0.2680824657,0.3307300878,0.2837443712
520,Note Riot,4,1,0.2597855365,0.4732319217,0.3665087291,0.6053996441,,74.9,12,21.15397228,-0.4449729997,-0.6670629654,,78.04,79.76,82.12,67.67,0.236673709,0.740011474,0.7634595966,0.7296203579,0.6174412844,0.7857743215,,"31,000",10804,4.034,FALSE,-65.148%,0.5957738556,-0.3277,0.1340563094,0.3661370091,,0.2725620024,0.2987450835,0.2791077726
1826,BlockDoc,4,1,0.2597855365,0.4732319217,0.3665087291,0.6053996441,,36.6,1,32.94,-0.3773652057,-0.6143005825,,88.09,72.26,80.67,61.72,0.9083914782,0.2716711451,0.6599096202,0.3642409073,0.5510532877,0.7423296355,,0,62143,4.793,TRUE,,0.9024314421,,0.9024314421,0.9499639162,,0.4208481533,-0.2229192639,0.259906299
1018,Blockslack,4,1,0.2597855365,0.4732319217,0.3665087291,0.6053996441,,58.6,9,22.70284066,-0.4360882782,-0.6603698042,,85.28,78.48,70.52,54.68,0.7205778532,0.6600813912,-0.06494021445,-0.06807360229,0.3119113569,0.5584902478,,0,34836,4.542,TRUE,,0.8009812156,,0.8009812156,0.8949755391,,0.3496239067,-0.07609675877,0.2431937403
865,DPAGE,4,1,0.2597855365,0.4732319217,0.3665087291,0.6053996441,,231.5,9,89.6878432,-0.05184446293,-0.227693792,,81.82,70.37,73,67.43,0.4893197953,0.1536493822,0.1121659521,0.7148823632,0.3675043732,0.6062213896,,"19,400",701,2.846,FALSE,-96.387%,0.1163521277,-0.3543,-0.1189921856,-0.3449524396,,0.1597437005,0.4776853844,0.2392291215
830,Encrypt My Photos,4,1,0.2597855365,0.4732319217,0.3665087291,0.6053996441,,388.7,10,135.5313097,0.2111258706,0.4594843529,,62.77,56.24,59.89,26.44,-0.7839362747,-0.7287037976,-0.824068662,-1.802244306,-1.03473826,-1.017220851,,"728,000",454614,5.658,FALSE,-37.553%,1.251242097,-0.3041,0.4735726924,0.6881661808,,0.1839573317,0.3986689883,0.2376352458
176,SpringRole,4,1,0.2597855365,0.4732319217,0.3665087291,0.6053996441,,0,0,0,-1,-1,,76.29,72.7,74.98,57.66,0.1197079283,0.299147111,0.2535652302,0.1149231646,0.1968358585,0.4436618741,,"2,300,000",854198,5.932,FALSE,-62.861%,1.361794211,-0.3257,0.5180431405,0.7197521383,,0.1922034141,0.3642799603,0.2352225507
1719,Dappity,4,1,0.2597855365,0.4732319217,0.3665087291,0.6053996441,,96.1,2,77.841,-0.1198011108,-0.3461229707,,71.44,67.19,67.19,62.5,-0.2044543783,-0.04492691732,-0.3027480913,0.4121393899,-0.03499749924,-0.1870761856,,"63,100",44761,4.651,FALSE,-29.063%,0.8449216411,-0.2968,0.274037242,0.5234856655,,0.1489215383,0.2754466791,0.1805528235
1062,OI Calendar,4,1,0.2597855365,0.4732319217,0.3665087291,0.6053996441,,87.2,8,37.53674071,-0.3509970767,-0.5924500626,,82.04,84.52,80.55,59.87,0.5040240649,1.037251469,0.651339967,0.2506355319,0.6108127583,0.7815451096,,"1,100",2484,3.395,FALSE,125.818%,0.3381029561,-0.1646,0.08675695166,0.2945453304,,0.2722600054,-0.09860988882,0.1795425318
1875,PLAiV,4,1,0.2597855365,0.4732319217,0.3665087291,0.6053996441,,47.4,0,47.4,-0.2944187944,-0.5426037177,,77.34,72.66,73.44,58.59,0.1898873967,0.2966492959,0.1435880139,0.1720328938,0.2005394001,0.447816257,,,,,TRUE,,,,,,,0.1702040612,,0.1702040612
1997,Codelets,4,1,0.2597855365,0.4732319217,0.3665087291,0.6053996441,,135.6,0,135.6,0.2115198966,0.4599129229,,73.44,57.81,71.88,44.53,-0.07077920031,-0.6306645554,0.03218252202,-0.6913679592,-0.3401572982,-0.583230056,,,,,TRUE,,,,,,,0.1606941703,,0.1606941703
1975,Vyse Auth,4,1,0.2597855365,0.4732319217,0.3665087291,0.6053996441,,26.5,0,26.5,-0.4143067609,-0.6436666536,,73.44,78.13,75,58.59,-0.07077920031,0.6382255092,0.2549935057,0.1720328938,0.2486181771,0.4986162624,,,,,TRUE,,,,,,,0.153449751,,0.153449751
1221,Scannie,4,1,0.2597855365,0.4732319217,0.3665087291,0.6053996441,,140.1,6,74.4548841,-0.1392247735,-0.3731283606,,90.44,90.31,88.5,72.43,1.065459812,1.398810203,1.219079493,1.021923918,1.176318357,1.084582112,,445,0,0.000,TRUE,,-1.032176754,,-1.032176754,-1.015961,,0.07522309866,0.3796334787,0.1513256937
1233,DAuth,4,1,0.2597855365,0.4732319217,0.3665087291,0.6053996441,,195.6,6,103.9498596,0.02996626165,0.1731076591,,70.45,73.66,73.5,60.76,-0.2706235914,0.3590946731,0.1478728405,0.3052889287,0.1354082127,0.3679785493,,0,146,2.164,TRUE,,-0.1586461551,,-0.1586461551,-0.3983040987,,0.1870454385,-0.03287979341,0.1320641305
808,DECS,4,1,0.2597855365,0.4732319217,0.3665087291,0.6053996441,,64,10,22.31542017,-0.4383106253,-0.6620503193,,81.29,81.82,91.76,83.57,0.4538958732,0.868648951,1.451888405,1.706012503,1.120111433,1.05835317,,"41,400",0,0.000,FALSE,-100.000%,-1.032176754,-0.3574,-0.6947994238,-0.8335462937,,0.04203905034,0.3879547804,0.1285179829
2012,Inspire You,4,1,0.2597855365,0.4732319217,0.3665087291,0.6053996441,,12.1,0,12.1,-0.4969089962,-0.704917723,,84.38,68.75,75,52.34,0.6604240231,0.0524878711,0.2549935057,-0.2117690501,0.1890340875,0.4347805049,,,,,TRUE,,,,,,,0.111754142,,0.111754142
955,Debut,4,1,0.2597855365,0.4732319217,0.3665087291,0.6053996441,,50,9,19.37102445,-0.4552004634,-0.6746854551,,87.03,79.19,83.76,69.58,0.8375436339,0.704417609,0.8805781906,0.8469102319,0.8173624164,0.9040809789,,345,165,2.217,TRUE,,-0.1372025021,,-0.1372025021,-0.370408561,,0.1160966517,0.09563404912,0.1109810011
1760,Searx,4,1,0.2597855365,0.4732319217,0.3665087291,0.6053996441,,0,0,0,-1,-1,,88.67,85.16,81.44,70.7,0.9471572798,1.077216511,0.7148982284,0.9156875403,0.9137398898,0.9558974264,,0,229,2.360,TRUE,,-0.07974956688,,-0.07974956688,-0.2823996581,,0.06972435312,0.1705193889,0.09492311207
1949,Piara,4,1,0.2597855365,0.4732319217,0.3665087291,0.6053996441,,27,0,27,-0.4114386277,-0.6414348196,,72.66,70.31,71.88,58.59,-0.1229125197,0.1499026595,0.03218252202,0.1720328938,0.05780138891,0.2404191941,,,,,TRUE,,,,,,,0.06812800624,,0.06812800624
1493,Person8,4,1,0.2597855365,0.4732319217,0.3665087291,0.6053996441,,45.8,3,33.3882,-0.3747942111,-0.6122043867,,72.71,69.04,53.81,56.15,-0.1195706403,0.07059703049,-1.258264425,0.02219661491,-0.321260355,-0.5667983371,,"1,111",27641,4.442,FALSE,2387.939%,0.7604297976,1.7671,1.263767302,1.124174053,,0.1376427434,-0.1706950527,0.06055829438
1998,Peachy Portfolio,4,1,0.2597855365,0.4732319217,0.3665087291,0.6053996441,,0,0,0,-1,-1,,72.66,69.53,77.34,70.31,-0.1229125197,0.1011952653,0.4221017434,0.891738299,0.323030697,0.5683578952,,,,,TRUE,,,,,,,0.05791917977,,0.05791917977
1462,DailyMe,4,1,0.2597855365,0.4732319217,0.3665087291,0.6053996441,,30.3,3,22.0887,-0.4396111526,-0.6630317885,,85.16,75.78,74.22,59.38,0.7125573425,0.4914788728,0.1992907598,0.2205454595,0.4059681086,0.6371562671,,0,165,2.217,TRUE,,-0.1372025021,,-0.1372025021,-0.370408561,,0.0522788904,,0.0522788904
1748,Mailr,4,1,0.2597855365,0.4732319217,0.3665087291,0.6053996441,,54.3,1,48.87,-0.2859864829,-0.5347770404,,81.06,77.34,81.25,70.32,0.4385232277,0.5888936612,0.7013296108,0.8923523821,0.6552747205,0.8094904079,,0,0,0.000,TRUE,,-1.032176754,,-1.032176754,-1.015961,,-0.03396199721,0.2790878559,0.04430046607
1791,DNotes,4,1,0.2597855365,0.4732319217,0.3665087291,0.6053996441,,27.5,1,24.75,-0.424345227,-0.651417859,,82.03,64.84,65.63,47.66,0.503355689,-0.1916735537,-0.4141535831,-0.4991599457,-0.1504078484,-0.3878245072,,0,21715,4.337,TRUE,,0.7181350798,,0.7181350798,0.8474285101,,0.103396447,-0.1899393325,0.03006250214
1591,Satoshis Games,2,0,-3.919373094,-2.101706476,-3.010539785,-1.735090714,,214.9,3,156.6621,0.3323377119,0.5764873909,,71.16,69.92,70.51,64.47,-0.2231689032,0.1255489624,-0.06565435222,0.5331137626,0.09245986741,0.3040721418,,"86,900",1185926,6.074,FALSE,1264.702%,1.419306678,0.8079,1.113622627,1.055283197,,0.0501880041,-0.04866581836,0.02547454849
1754,Gitix,4,1,0.2597855365,0.4732319217,0.3665087291,0.6053996441,,51.4,1,46.26,-0.3009581381,-0.5485965166,,60.35,52.73,61.53,50.39,-0.94568324,-0.9478870716,-0.706950068,-0.3315152566,-0.7330089091,-0.8561593947,,0,4638,3.666,TRUE,,0.4475505849,,0.4475505849,0.6689922159,,-0.03259101283,0.1874877346,0.02242867403
877,Compose,4,1,0.2597855365,0.4732319217,0.3665087291,0.6053996441,,131.3,9,50.86831021,-0.2745236433,-0.523950039,,82.57,85.98,87.82,68.74,0.5394479871,1.12842172,1.170518124,0.7953272507,0.9084287706,0.9531152976,,0,0,0.000,TRUE,,-1.032176754,,-1.032176754,-1.015961,,0.004650975584,0.01010077346,0.006013425053
1251,Paradigma CrossCheck,4,1,0.2597855365,0.4732319217,0.3665087291,0.6053996441,,36.2,5,21.375738,-0.4437008925,-0.6661087693,,57.03,72.49,77.61,61.5,-1.167584035,0.2860335818,0.4413834632,0.3507310789,-0.02235897789,-0.1495291874,,"37,100",4543,3.657,FALSE,-87.755%,0.4439230342,-0.3470,0.04847878109,0.2201789751,,0.002485165636,0.01419134671,0.005411710904
1607,diario,4,1,0.2597855365,0.4732319217,0.3665087291,0.6053996441,,49.3,3,35.9397,-0.3601581275,-0.6001317585,,92.19,79.69,78.91,72.66,1.182425593,0.7356402976,0.534221373,1.03604783,0.8720837734,0.933854257,,0,0,0.000,TRUE,,-1.032176754,,-1.032176754,-1.015961,,-0.01920971445,,-0.01920971445
949,Mevaul,4,1,0.2597855365,0.4732319217,0.3665087291,0.6053996441,,29.4,9,11.39016238,-0.5009808138,-0.7077999815,,85.96,77.63,71.57,52.91,0.7660274137,0.6070028206,0.0100442512,-0.1767663128,0.3015770432,0.5491603074,,"51,300",0,0.000,FALSE,-100.000%,-1.032176754,-0.3574,-0.6947994238,-0.8335462937,,-0.09669658094,0.2050104853,-0.02126981438
541,Travelstack,4,1,0.2597855365,0.4732319217,0.3665087291,0.6053996441,,62.9,11,19.73868649,-0.453091456,-0.6731206846,,88.63,79.48,89.24,71.72,0.9444837763,0.7225267684,1.271925688,0.9783240175,0.9793150624,0.9896034875,,0,0,0.000,TRUE,,-1.032176754,,-1.032176754,-1.015961,,-0.02351963835,-0.01672409905,-0.02182075352
1401,Location Diary,4,1,0.2597855365,0.4732319217,0.3665087291,0.6053996441,,96.9,4,63.57609,-0.2016284339,-0.4490305489,,79.16,71.67,81.24,56.13,0.3115318086,0.2348283725,0.700615473,0.02096844869,0.3169860257,0.5630151203,,588,0,0.000,TRUE,,-1.032176754,,-1.032176754,-1.015961,,-0.07414419623,0.125397843,-0.02425868642
758,Zinc,2,0,-3.919373094,-2.101706476,-3.010539785,-1.735090714,,350.5,10,122.2117933,0.1347215769,0.3670443801,,73.11,68.1,77.49,62.27,-0.09283560467,0.01189837592,0.43281381,0.3980154784,0.1874730149,0.4329815411,,"348,600",295885,5.471,FALSE,-15.122%,1.175962873,-0.2849,0.4455103837,0.6674656423,,-0.06689978756,0.095693176,-0.02625154667
1868,Car Assistant,4,1,0.2597855365,0.4732319217,0.3665087291,0.6053996441,,23.2,1,20.88,-0.4465445777,-0.6682399103,,83.01,74.22,82.81,52.73,0.5688565262,0.3940640844,0.8127351026,-0.1878198088,0.3969589761,0.6300468047,,0,0,0.000,TRUE,,-1.032176754,,-1.032176754,-1.015961,,-0.1121886155,0.1945798252,-0.03549650531
1745,Fitness Stack,4,1,0.2597855365,0.4732319217,0.3665087291,0.6053996441,,0,0,0,-1,-1,,89.06,69.53,78.91,36.72,0.9732239395,0.1011952653,0.534221373,-1.170966868,0.1094184274,0.3307845634,,,,,TRUE,,,,,,,-0.02127193081,-0.08054006209,-0.03608896363
239,Entaxy,4,1,0.2597855365,0.4732319217,0.3665087291,0.6053996441,,114,11,35.77440795,-0.3611062867,-0.6009211984,,81.63,84.68,77.62,72.63,0.4766206534,1.04724273,0.442097601,1.034205581,0.7500416412,0.866049445,,0,0,0.000,TRUE,,-1.032176754,,-1.032176754,-1.015961,,-0.03635827745,,-0.03635827745
1784,HuaRen.News,4,1,0.2597855365,0.4732319217,0.3665087291,0.6053996441,,3,1,2.7,-0.5508298998,-0.7421791561,,58.79,54.1,54.1,41.21,-1.049949879,-0.8623369048,-1.23755443,-0.8952435518,-1.011271191,-1.005619805,,0,1207025,6.082,TRUE,,1.422397711,,1.422397711,1.192643162,,0.0125609613,-0.1998079661,-0.04053127055
1655,Feed,4,1,0.2597855365,0.4732319217,0.3665087291,0.6053996441,,115.9,2,93.879,-0.02780287128,-0.1667419302,,73.83,63.28,77.93,47.46,-0.0447125406,-0.2890883422,0.4642358718,-0.5114416079,-0.09525165472,-0.308628668,,"1,200",0,0.000,FALSE,-100.000%,-1.032176754,-0.3574,-0.6947994238,-0.8335462937,,-0.1758793119,0.2809912517,-0.06166167103
1804,Boto,4,1,0.2597855365,0.4732319217,0.3665087291,0.6053996441,,0,0,0,-1,-1,,86.33,85.35,76.36,77.93,0.7907573216,1.089081133,0.3521162422,1.359669629,0.8979060813,0.9475790634,,0,0,0.000,TRUE,,-1.032176754,,-1.032176754,-1.015961,,-0.1157455732,0.1000405703,-0.06179903736
1721,Can't Be Evil,4,1,0.2597855365,0.4732319217,0.3665087291,0.6053996441,,0,0,0,-1,-1,,57.23,51.76,74.22,42.58,-1.154216518,-1.008459087,0.1992907598,-0.8111141657,-0.6936247527,-0.8328413731,,941,1652723,6.218,TRUE,,1.477482436,,1.477482436,1.215517353,,-0.002981093973,-0.2537380554,-0.06567033433
810,Kit,4,1,0.2597855365,0.4732319217,0.3665087291,0.6053996441,,377.4,10,131.5912433,0.1885246005,0.4341941967,,84.38,52.34,72.66,42.97,0.6604240231,-0.9722407687,0.08788526794,-0.7871649244,-0.2527741005,-0.5027664473,,"12,000",0,0.000,FALSE,-100.000%,-1.032176754,-0.3574,-0.6947994238,-0.8335462937,,-0.07417972503,,-0.07417972503
1581,SocialVault,4,0,0.2597855365,-2.101706476,-0.9209604698,-0.9596668535,,95.7,3,69.7653,-0.1661254769,-0.4075849321,,77.34,74.37,70.22,60.06,0.1898873967,0.4034308909,-0.0863643475,0.262303111,0.1923142628,0.4385365011,,"232,400",53509,4.728,FALSE,-76.975%,0.8762114809,-0.3378,0.2692253671,0.518869316,,-0.1024614921,-0.006674508468,-0.07851474623
871,clickbox,4,1,0.2597855365,0.4732319217,0.3665087291,0.6053996441,,106.6,9,41.29902413,-0.329415617,-0.5739473991,,89.07,75.66,77.88,54.62,0.9738923154,0.4839854275,0.4606651829,-0.07175810096,0.4616962062,0.6794823075,,0,0,0.000,TRUE,,-1.032176754,,-1.032176754,-1.015961,,-0.07625661198,-0.09342927785,-0.08054977845
1464,nfogix,4,1,0.2597855365,0.4732319217,0.3665087291,0.6053996441,,31.5,3,22.9635,-0.4345930668,-0.6592367305,,66.9,60.96,65.63,47.07,-0.5078970322,-0.4339616172,-0.4141535831,-0.5353908492,-0.4728507704,-0.6876414549,,266,5063,3.704,TRUE,,0.462918497,,0.462918497,0.680381141,,-0.01527435005,-0.305479975,-0.08782575629
1349,Closet,4,1,0.2597855365,0.4732319217,0.3665087291,0.6053996441,,57.3,5,33.835077,-0.3722308056,-0.6101072083,,82.41,81.16,72.39,57.52,0.5287539728,0.8274350021,0.0686035482,0.106326001,0.382779631,0.6186918708,,0,0,0.000,TRUE,,-1.032176754,,-1.032176754,-1.015961,,-0.1004941735,-0.07557037335,-0.09426322343
1615,Paise,4,1,0.2597855365,0.4732319217,0.3665087291,0.6053996441,,0,0,0,-1,-1,,96.09,71.88,84.38,48.44,1.44309219,0.2479419017,0.9248547322,-0.4512614631,0.5411568402,0.7356336318,,0,0,0.000,TRUE,,-1.032176754,,-1.032176754,-1.015961,,-0.1687319311,0.1053794349,-0.1002040896
1752,Healthy Living,4,1,0.2597855365,0.4732319217,0.3665087291,0.6053996441,,29.3,1,26.37,-0.4150524755,-0.644245664,,82.81,74.22,84.18,54.29,0.5554890084,0.3940640844,0.9105719769,-0.09202284359,0.4420255565,0.6648500256,,0,0,0.000,TRUE,,-1.032176754,,-1.032176754,-1.015961,,-0.09748924868,-0.2061851187,-0.1246632162
1444,OI App Center,4,1,0.2597855365,0.4732319217,0.3665087291,0.6053996441,,35.3,3,25.7337,-0.4187024618,-0.647072223,,66.52,64.38,62.73,49.71,-0.533295316,-0.2203984272,-0.6212535359,-0.3732729081,-0.4370550468,-0.6611013892,,"1,100",2268,3.356,FALSE,106.182%,0.3221573492,-0.1814,0.070400103,0.2653301773,,-0.1093609477,-0.2571163138,-0.1462997892
1426,Mila CRM,4,1,0.2597855365,0.4732319217,0.3665087291,0.6053996441,,0,0,0,-1,-1,,78.78,71.08,74.07,56.96,0.2861335248,0.1979856,0.1885786932,0.07193734684,0.1861587912,0.4314612279,,"3,838",0,0.000,FALSE,-100.000%,-1.032176754,-0.3574,-0.6947994238,-0.8335462937,,-0.1991713554,0.006601278109,-0.147728197
1470,Taskstack,4,1,0.2597855365,0.4732319217,0.3665087291,0.6053996441,,45.4,3,33.0966,-0.3764669064,-0.6135689907,,75.37,71.52,77.42,53.93,0.05821734642,0.2254615659,0.4278148456,-0.1141298356,0.1493409806,0.3864466077,,0,0,0.000,TRUE,,-1.032176754,,-1.032176754,-1.015961,,-0.1594209348,-0.1417596709,-0.1550056189
1742,Cryptolator,4,1,0.2597855365,0.4732319217,0.3665087291,0.6053996441,,0,0,0,-1,-1,,94.14,85.94,84.18,79.3,1.312758892,1.125923905,0.9105719769,1.443799015,1.198263447,1.094652204,,0,0,0.000,TRUE,,-1.032176754,,-1.032176754,-1.015961,,-0.07897728815,-0.4379672906,-0.1687247888
1609,codeplay,4,1,0.2597855365,0.4732319217,0.3665087291,0.6053996441,,0,0,0,-1,-1,,71.88,67.19,71.88,60.94,-0.1750458391,-0.04492691732,0.03218252202,0.3163424247,0.03213804757,0.1792708776,,0,102,2.009,TRUE,,-0.2215077791,,-0.2215077791,-0.4706461293,,-0.1714939019,,-0.1714939019
1594,Hey Webby,4,1,0.2597855365,0.4732319217,0.3665087291,0.6053996441,,0,0,0,-1,-1,,77.35,76.42,81.2,64.06,0.1905557726,0.5314439142,0.697758922,0.5079363551,0.481923741,0.6942072752,,0,0,0.000,TRUE,,-1.032176754,,-1.032176754,-1.015961,,-0.1790885203,-0.1799596512,-0.179306303
1895,Dadroit VerifyBar,4,1,0.2597855365,0.4732319217,0.3665087291,0.6053996441,,50.2,1,45.18,-0.3071533057,-0.5542141334,,46.09,31.25,44.53,39.84,-1.898787259,-2.289213774,-1.920984274,-0.9793729379,-1.772089561,-1.331198543,,0,40396,4.606,TRUE,,0.8269366988,,0.8269366988,0.9093605989,,-0.09266310838,-0.4732456648,-0.1878087475
1707,Satlite Space,4,1,0.2597855365,0.4732319217,0.3665087291,0.6053996441,,24.5,2,19.845,-0.4524816134,-0.6726675356,,63.67,40.82,56.84,44.73,-0.7237824446,-1.691611514,-1.041880681,-0.679086297,-1.034090234,-1.016902274,,526,2598,3.415,TRUE,,0.3459681135,,0.3459681135,0.5881905418,,-0.1239949058,-0.3827706826,-0.18868885
1402,Bottle,2,0,-3.919373094,-2.101706476,-3.010539785,-1.735090714,,0,0,0,-1,-1,,85.56,84.87,86.74,83.06,0.7392923781,1.059107351,1.093391246,1.674694265,1.14162131,1.068466803,,"3,700,000",7906638,6.898,FALSE,113.693%,1.751845705,-0.1749,0.7884512599,0.8879477799,,-0.1946690326,,-0.1946690326
1412,BlockNote.xyz,4,1,0.2597855365,0.4732319217,0.3665087291,0.6053996441,,0,0,0,-1,-1,,72.66,74.22,80.47,62.5,-0.1229125197,0.3940640844,0.6456268649,0.4121393899,0.3322294549,0.5763934896,,0,0,0.000,TRUE,,-1.032176754,,-1.032176754,-1.015961,,-0.2085419667,,-0.2085419667
823,Pden,4,1,0.2597855365,0.4732319217,0.3665087291,0.6053996441,,82.5,10,28.76597131,-0.401308546,-0.6334891838,,63.62,60.67,72.86,54.56,-0.7271243241,-0.4520707766,0.1021680233,-0.07544259962,-0.2881174193,-0.5367657024,,"39,000",97,1.987,FALSE,-99.751%,-0.2303177141,-0.3572,-0.2937637097,-0.5419997322,,-0.2767137436,-0.004347761855,-0.2086222481
1616,Prism,4,1,0.2597855365,0.4732319217,0.3665087291,0.6053996441,,0,0,0,-1,-1,,62.85,59.81,67.43,48.44,-0.7785892676,-0.505773801,-0.2856087848,-0.4512614631,-0.5053083291,-0.7108504267,,2,10407,4.017,TRUE,,0.5892117314,,0.5892117314,0.7676012841,,-0.08446237461,-0.6176848565,-0.2177679951
924,OI Chat,2,1,-3.919373094,0.4732319217,-1.723070586,-1.312657833,,20.7,4,13.58127,-0.4884120369,-0.6988648202,,63.04,73.62,75.59,65.22,-0.7658901257,0.356596858,0.297127634,0.5791699959,0.1167510906,0.3416885871,,"1,100",28642,4.457,FALSE,2503.818%,0.7666652361,1.8661,1.316361495,1.147327981,,-0.1306265213,-0.485914964,-0.219448632
869,Aodh,4,1,0.2597855365,0.4732319217,0.3665087291,0.6053996441,,34.9,9,13.52097507,-0.4887579047,-0.6991122261,,85.28,65.16,74,49.48,0.7205778532,-0.171691033,0.1835797289,-0.3873968196,0.08626743236,0.2937131804,,0,0,0.000,TRUE,,-1.032176754,,-1.032176754,-1.015961,,-0.2039901005,-0.2834405806,-0.2238527205
2015,Relayable,4,1,0.2597855365,0.4732319217,0.3665087291,0.6053996441,,51.5,0,51.5,-0.2709001024,-0.5204806456,,71.88,59.38,55.47,42.97,-0.1750458391,-0.5326253132,-1.139717556,-0.7871649244,-0.6586384081,-0.8115654059,,,,,TRUE,,,,,,,-0.2422154691,,-0.2422154691
676,OI Timesheet,4,1,0.2597855365,0.4732319217,0.3665087291,0.6053996441,,35.4,10,12.34321678,-0.49551384,-0.7039274394,,60.18,67,63.37,40.05,-0.9570456302,-0.05679153899,-0.5755487187,-0.9664771925,-0.6389657701,-0.799353345,,"1,100",1131,3.053,FALSE,2.818%,0.2001976305,-0.2696,-0.0347124389,-0.1863127449,,-0.2710484713,-0.1651756036,-0.2445802544
1304,DHCS,4,1,0.2597855365,0.4732319217,0.3665087291,0.6053996441,,0,3,0,-1,-1,,79.61,73.72,74.95,58.74,0.3416087237,0.3628413958,0.2514228168,0.1812441405,0.2842792692,0.533178459,,0,0,0.000,TRUE,,-1.032176754,,-1.032176754,-1.015961,,-0.2193457243,-0.3226556137,-0.2451731967
2016,Linkpong,4,1,0.2597855365,0.4732319217,0.3665087291,0.6053996441,,0,0,0,-1,-1,,88.28,69.53,61.72,39.84,0.9210906201,0.1011952653,-0.6933814505,-0.9793729379,-0.1626171257,-0.4032581378,,,,,TRUE,,,,,,,-0.2659528312,,-0.2659528312
1988,Decentralized Drive,4,1,0.2597855365,0.4732319217,0.3665087291,0.6053996441,,0,0,0,-1,-1,,83.59,71.88,61.72,41.41,0.6076223278,0.2479419017,-0.6933814505,-0.8829618896,-0.1801947776,-0.4244935543,,,,,TRUE,,,,,,,-0.2730313034,,-0.2730313034
1042,Blockcred,4,1,0.2597855365,0.4732319217,0.3665087291,0.6053996441,,64.3,8,27.6790416,-0.4075434642,-0.6383913097,,57.95,54.29,66.48,45.05,-1.106093454,-0.8504722831,-0.3534518728,-0.6594356374,-0.7423633117,-0.8616050788,,"22,600",0,0.000,FALSE,-100.000%,-1.032176754,-0.3574,-0.6947994238,-0.8335462937,,-0.4320357595,0.1762425657,-0.2799661782
523,Sundly,4,1,0.2597855365,0.4732319217,0.3665087291,0.6053996441,,12.2,10,4.253876969,-0.5419164476,-0.7361497454,,71.78,70.45,69.31,49.77,-0.181729598,0.1586450123,-0.1513508844,-0.3695884094,-0.1360059699,-0.3687898722,,"3,900",0,0.000,FALSE,-100.000%,-1.032176754,-0.3574,-0.6947994238,-0.8335462937,,-0.3332715668,-0.1354517625,-0.2838166157
1672,Simplecoin,2,1,-3.919373094,0.4732319217,-1.723070586,-1.312657833,,60.5,2,49.005,-0.285212087,-0.5340525133,,71.97,76.46,58.3,67.48,-0.1690304561,0.5339417293,-0.9376165672,0.7179527788,0.0363118712,0.1905567401,,"54,800",43800,4.641,FALSE,-20.073%,0.8411174503,-0.2892,0.2759737346,0.5253320232,,-0.2827053957,-0.2924704054,-0.2851466481
1984,Prosepaper,4,1,0.2597855365,0.4732319217,0.3665087291,0.6053996441,,28.1,0,28.1,-0.4051287348,-0.6364972386,,57.03,52.34,67.19,39.06,-1.167584035,-0.9722407687,-0.3027480913,-1.02727142,-0.867461079,-0.9313759064,,,,,TRUE,,,,,,,-0.3208245003,,-0.3208245003
1074,Twoblocks,4,1,0.2597855365,0.4732319217,0.3665087291,0.6053996441,,31.3,8,13.47362367,-0.4890295249,-0.69930646,,70.86,65.32,71.63,57.54,-0.2432201799,-0.1616997727,0.01432907781,0.1075541672,-0.07075917688,-0.2660059715,,0,0,0.000,TRUE,,-1.032176754,,-1.032176754,-1.015961,,-0.3439684469,-0.2599372783,-0.3229606548
1323,Code Code Revolution,4,0,0.2597855365,-2.101706476,-0.9209604698,-0.9596668535,,54.8,5,32.358852,-0.3806988254,-0.6170079622,,91.68,87.05,85.77,82.54,1.148338423,1.195238274,1.024119882,1.642761943,1.25261463,1.119202676,,308,0,0.000,TRUE,,-1.032176754,,-1.032176754,-1.015961,,-0.368358285,-0.2733512192,-0.3446065186
492,XPO.Network,2,0,-3.919373094,-2.101706476,-3.010539785,-1.735090714,,33.3,11,10.44989285,-0.5063744503,-0.7115999229,,65.23,69.49,78.29,61.11,-0.6195158058,0.09869745023,0.4899448314,0.3267818376,0.07397707835,0.2719872761,,"2,000,000",1003991,6.002,FALSE,-49.800%,1.390115264,-0.3146,0.5377800495,0.7333348822,,-0.3603421196,,-0.3603421196
1904,Social Share,4,1,0.2597855365,0.4732319217,0.3665087291,0.6053996441,,0,0,0,-1,-1,,76.56,53.91,62.5,46.88,0.1377540773,-0.8742015265,-0.6376787045,-0.5470584283,-0.4802961455,-0.6930340147,,,,,TRUE,,,,,,,-0.3625447902,,-0.3625447902
1358,Xenon,4,1,0.2597855365,0.4732319217,0.3665087291,0.6053996441,,28.3,5,16.710867,-0.470459835,-0.6859007472,,76.23,58.97,69.71,41.77,0.1156976729,-0.5582279179,-0.1227853737,-0.8608548976,-0.356542629,-0.5971119066,,0,0,0.000,TRUE,,-1.032176754,,-1.032176754,-1.015961,,-0.4233935025,-0.1999351264,-0.3675289085
1855,trakkin.me,4,0,0.2597855365,-2.101706476,-0.9209604698,-0.9596668535,,0,0,0,-1,-1,,62.5,62.5,67.19,59.38,-0.8019824237,-0.3377957364,-0.3027480913,0.2205454595,-0.305495198,-0.5527162002,,0,83103,4.920,TRUE,,0.9533755158,,0.9533755158,0.9764095021,,-0.3839933879,-0.3478016887,-0.3749454631
1586,CryptoAlly,4,1,0.2597855365,0.4732319217,0.3665087291,0.6053996441,,32.5,3,23.6925,-0.4304113286,-0.6560574126,,57.22,46.62,66.56,39.49,-1.154884894,-1.329428326,-0.3477387707,-1.000865847,-0.9582294593,-0.9788919549,,"9,000",486,2.687,FALSE,-94.600%,0.05214689655,-0.3528,-0.1503319858,-0.3877266896,,-0.3543191032,-0.4784061006,-0.3853408526
1222,Cafe Society,4,1,0.2597855365,0.4732319217,0.3665087291,0.6053996441,,29.1,6,15.4649331,-0.4776068437,-0.6910910531,,67.82,64.65,68.7,50.44,-0.4464064504,-0.2035381754,-0.1949132883,-0.328444841,-0.2933256888,-0.5415955029,,0,0,0.000,TRUE,,-1.032176754,,-1.032176754,-1.015961,,-0.4108119781,-0.316303276,-0.3871848026
1877,NearHere,4,1,0.2597855365,0.4732319217,0.3665087291,0.6053996441,,0,1,0,-1,-1,,62.5,68.75,67.19,53.13,-0.8019824237,0.0524878711,-0.3027480913,-0.1632564844,-0.3038747821,-0.5512483851,,0,0,0.000,TRUE,,-1.032176754,,-1.032176754,-1.015961,,-0.4904524354,-0.1010958026,-0.3931132772
1823,Crowdraise,2,0,-3.919373094,-2.101706476,-3.010539785,-1.735090714,,66.6,1,59.94,-0.2224860145,-0.4716842318,,77.34,75,67.19,53.91,0.1898873967,0.4427714786,-0.3027480913,-0.1153580018,0.05363819556,0.2315992132,,0,52121,4.717,TRUE,,0.8716047638,,0.8716047638,0.9335977526,,-0.2603944949,-0.7932513807,-0.3936087164
2010,Maps,4,1,0.2597855365,0.4732319217,0.3665087291,0.6053996441,,0,0,0,-1,-1,,67.97,57.03,60.94,45.31,-0.436380812,-0.6793719496,-0.7490841964,-0.6434694766,-0.6270766086,-0.7918816885,,,,,TRUE,,,,,,,-0.3954940148,,-0.3954940148
1874,Blockquest,4,0,0.2597855365,-2.101706476,-0.9209604698,-0.9596668535,,0,0,0,-1,-1,,80.47,75,85.94,64.06,0.3990890502,0.4427714786,1.036260224,0.5079363551,0.596514277,0.7723433673,,,,,TRUE,,,,,,,-0.3957744954,,-0.3957744954
1849,Nyoos,4,0,0.2597855365,-2.101706476,-0.9209604698,-0.9596668535,,0,0,0,-1,-1,,95.31,89.06,88.28,81.25,1.390958871,1.320753482,1.203368462,1.563545222,1.369656509,1.17032325,,0,0,0.000,TRUE,,-1.032176754,,-1.032176754,-1.015961,,-0.4513261511,-0.2576007686,-0.4028948054
1617,EscapeQR,2,0,-3.919373094,-2.101706476,-3.010539785,-1.735090714,,21.6,2,17.496,-0.465956103,-0.6826097736,,75,62.31,72.07,58.4,0.0334874385,-0.349660358,0.04575113961,0.1603653147,-0.0275141163,-0.1658737963,,"77,300",765197,5.884,FALSE,889.906%,1.342508116,0.4879,0.9151983039,0.956659973,,-0.4067285777,,-0.4067285777
1869,Around The Block,4,0,0.2597855365,-2.101706476,-0.9209604698,-0.9596668535,,0,0,0,-1,-1,,87.5,73.44,86.72,70.31,0.8689573007,0.3453566901,1.09196297,0.891738299,0.799503815,0.8941497721,,0,0,0.000,TRUE,,-1.032176754,,-1.032176754,-1.015961,,-0.5203695205,-0.1121580864,-0.418316662
1859,Make a Difference,4,1,0.2597855365,0.4732319217,0.3665087291,0.6053996441,,35.8,1,32.22,-0.3814953174,-0.6176530721,,73.44,55.47,55.47,47.66,-0.07077920031,-0.776786738,-1.139717556,-0.4991599457,-0.6216108599,-0.7884230209,,0,0,0.000,TRUE,,-1.032176754,,-1.032176754,-1.015961,,-0.4541593623,-0.3382890269,-0.4251917785
245,Diffuse,2,1,-3.919373094,0.4732319217,-1.723070586,-1.312657833,,44.1,6,23.4365481,-0.4318795369,-0.6571754232,,70.26,70.04,75.75,61.21,-0.2833227333,0.1330424077,0.3085538383,0.3329226687,0.1227990454,0.3504269472,,"33,300",1681,3.226,FALSE,-94.952%,0.2696590763,-0.3531,-0.04172616721,-0.2042698392,,-0.455919037,-0.3647352192,-0.4331230825
1873,Privacy Policy Guard,4,1,0.2597855365,0.4732319217,0.3665087291,0.6053996441,,0,1,0,-1,-1,,74.22,54.69,59.38,47.66,-0.0186458809,-0.8254941323,-0.8604896882,-0.4991599457,-0.5509474118,-0.7422583188,,0,0,0.000,TRUE,,-1.032176754,,-1.032176754,-1.015961,,-0.5382049188,-0.1579397244,-0.4431386202
1726,Blockstack Authenticator,4,1,0.2597855365,0.4732319217,0.3665087291,0.6053996441,,0,0,0,-1,-1,,70.51,65.62,63.28,47.9,-0.266613336,-0.1429661595,-0.5819759586,-0.484421951,-0.3689943513,-0.6074490524,,0,0,0.000,TRUE,,-1.032176754,,-1.032176754,-1.015961,,-0.5045026022,-0.3083672729,-0.4554687699
1552,dBid,4,1,0.2597855365,0.4732319217,0.3665087291,0.6053996441,,26.5,3,19.3185,-0.4555017576,-0.6749087032,,68.99,60.39,57.23,37.84,-0.3682064713,-0.4695554822,-1.014029308,-1.10218956,-0.7384952054,-0.8593574375,,0,0,0.000,TRUE,,-1.032176754,,-1.032176754,-1.015961,,-0.4862068743,-0.4000684017,-0.4646722561
1440,ProperPass,4,1,0.2597855365,0.4732319217,0.3665087291,0.6053996441,,0,0,0,-1,-1,,78.83,71.91,61.11,51.06,0.2894754043,0.249815263,-0.7369438543,-0.2903716882,-0.1220062188,-0.349293886,,0,0,0.000,TRUE,,-1.032176754,,-1.032176754,-1.015961,,-0.4399638106,-0.5478759484,-0.466941845
1850,Bitcionary,4,0,0.2597855365,-2.101706476,-0.9209604698,-0.9596668535,,0,0,0,-1,-1,,93.04,65.88,76.11,40.24,1.239237544,-0.1267303614,0.334262798,-0.9548096134,0.1229900917,0.3506994321,,,,,TRUE,,,,,,,-0.5363224738,-0.4059820537,-0.5037373688
1448,Mi Casa Es Tu Casa,4,1,0.2597855365,0.4732319217,0.3665087291,0.6053996441,,0,0,0,-1,-1,,64.84,67.97,67.19,46.09,-0.6455824655,0.00378047689,-0.3027480913,-0.595570994,-0.3850302685,-0.6205080728,,0,0,0.000,TRUE,,-1.032176754,,-1.032176754,-1.015961,,-0.5077673573,,-0.5077673573
826,Utilo,2,0,-3.919373094,-2.101706476,-3.010539785,-1.735090714,,28.5,6,15.1460685,-0.479435936,-0.6924131252,,83.72,70.4,73.58,48.75,0.6163112144,0.1555227435,0.1535859426,-0.4322248867,0.1232987535,0.3511392223,,"3,763",1907,3.280,FALSE,-49.322%,0.2917694309,-0.3141,-0.01118873444,-0.1057768143,,-0.5455353577,-0.4131585579,-0.5124411578
2018,REBL,4,1,0.2597855365,0.4732319217,0.3665087291,0.6053996441,,30.3,0,30.3,-0.3925089488,-0.6265053462,,40.63,32.03,36.72,17.97,-2.263720495,-2.240506379,-2.478725871,-2.3223727,-2.326331361,-1.525231576,,,,,TRUE,,,,,,,-0.5154457594,,-0.5154457594
1853,TokenGazer,4,0,0.2597855365,-2.101706476,-0.9209604698,-0.9596668535,,0,0,0,-1,-1,,66.41,71.88,75,67.19,-0.5406474508,0.2479419017,0.2549935057,0.7001443686,0.1656080813,0.4069497282,,,,,TRUE,,,,,,,-0.5175723751,,-0.5175723751
1476,Sheety App,4,1,0.2597855365,0.4732319217,0.3665087291,0.6053996441,,0,0,0,-1,-1,,60.21,61.73,69.3,49.11,-0.9550405025,-0.3858786768,-0.1520650222,-0.4101178947,-0.475775524,-0.6897648324,,0,0,0.000,TRUE,,-1.032176754,,-1.032176754,-1.015961,,-0.5250815472,-0.5701833836,-0.5363570063
1832,w3bCollections,4,1,0.2597855365,0.4732319217,0.3665087291,0.6053996441,,0,0,0,-1,-1,,58.6,48.63,60.94,31.25,-1.062649021,-1.203913118,-0.7490841964,-1.50687033,-1.130629166,-1.063310475,,0,0,0.000,TRUE,,-1.032176754,,-1.032176754,-1.015961,,-0.6184679578,-0.3060153556,-0.5403548073
1606,Pietron,4,1,0.2597855365,0.4732319217,0.3665087291,0.6053996441,,0,0,0,-1,-1,,53.98,35.61,36.12,29.43,-1.371438682,-2.016951929,-2.521574137,-1.618633456,-1.882149551,-1.371914557,,111,224,2.350,TRUE,,-0.08361905754,,-0.08361905754,-0.2891696,,-0.5139211281,-0.623705346,-0.5413671826
1468,rTasks App,4,1,0.2597855365,0.4732319217,0.3665087291,0.6053996441,,0,0,0,-1,-1,,75.87,63.52,69.18,48.11,0.09163614091,-0.2741014516,-0.1606346754,-0.4715262057,-0.203656548,-0.4512832237,,0,0,0.000,TRUE,,-1.032176754,,-1.032176754,-1.015961,,-0.465461145,-0.770473128,-0.5417141407
1827,Blockstack Casino,4,1,0.2597855365,0.4732319217,0.3665087291,0.6053996441,,0,0,0,-1,-1,,67.97,30.47,45.31,32.03,-0.436380812,-2.337921168,-1.865281528,-1.458971847,-1.524638839,-1.234762665,,,,,TRUE,,,,,,,-0.5431210069,-0.5660453598,-0.5488520952
1780,Sportup,4,1,0.2597855365,0.4732319217,0.3665087291,0.6053996441,,1.1,1,0.99,-0.5606389152,-0.7487582488,,64.65,34.18,54.3,25.39,-0.6582816074,-2.106248819,-1.223271674,-1.866723032,-1.463631283,-1.2098063,,0,0,0.000,TRUE,,-1.032176754,,-1.032176754,-1.015961,,-0.5922814763,-0.440660914,-0.5543763357
1833,Flexi Notepad,4,1,0.2597855365,0.4732319217,0.3665087291,0.6053996441,,0,0,0,-1,-1,,71.88,46.09,55.47,28.13,-0.1750458391,-1.362524376,-1.139717556,-1.69846426,-1.093938008,-1.045914914,,0,0,0.000,TRUE,,-1.032176754,,-1.032176754,-1.015961,,-0.6141190676,-0.5031897788,-0.5863867454
1446,DFM,4,1,0.2597855365,0.4732319217,0.3665087291,0.6053996441,,0,0,0,-1,-1,,65.63,57.03,50.78,42.19,-0.5927807702,-0.6793719496,-1.474648169,-0.835063407,-0.8954660739,-0.9462906921,,0,0,0.000,TRUE,,-1.032176754,,-1.032176754,-1.015961,,-0.5892130121,,-0.5892130121
1590,Detacts,4,1,0.2597855365,0.4732319217,0.3665087291,0.6053996441,,0,0,0,-1,-1,,61.06,52.65,48.18,41.21,-0.8982285519,-0.9528827017,-1.660323989,-0.8952435518,-1.101669698,-1.049604544,,0,0,0.000,TRUE,,-1.032176754,,-1.032176754,-1.015961,,-0.615041475,-0.5987847011,-0.6109772816
1481,ClipBox,4,1,0.2597855365,0.4732319217,0.3665087291,0.6053996441,,0,0,0,-1,-1,,49.22,53.13,51.56,39.06,-1.689585605,-0.9229089207,-1.418945423,-1.02727142,-1.264677842,-1.124578962,,0,0,0.000,TRUE,,-1.032176754,,-1.032176754,-1.015961,,-0.6337850796,,-0.6337850796
1755,Rocc the Vote,4,1,0.2597855365,0.4732319217,0.3665087291,0.6053996441,,0,0,0,-1,-1,,67.19,24.42,50.78,29.69,-0.4885141314,-2.7157157,-1.474648169,-1.602667295,-1.570386324,-1.253150559,,0,0,0.000,TRUE,,-1.032176754,,-1.032176754,-1.015961,,-0.6659279789,-0.5725600044,-0.6425859852
1793,Tunzal,4,0,0.2597855365,-2.101706476,-0.9209604698,-0.9596668535,,21.3,1,19.17,-0.4563535932,-0.6755394831,,46.09,43.75,46.88,41.41,-1.898787259,-1.508646559,-1.753161898,-0.8829618896,-1.510889401,-1.229182412,,0,9852,3.994,TRUE,,0.579605611,,0.579605611,0.7613183375,,-0.5257676027,-1.014267431,-0.6478925598
1757,Betya,4,0,0.2597855365,-2.101706476,-0.9209604698,-0.9596668535,,52.5,1,47.25,-0.2952792344,-0.5433960198,,25,25,25,25,-3.30839201,-2.679497381,-3.315695335,-1.890672273,-2.79856425,-1.672890986,,0,1588,3.201,TRUE,,0.2596832335,,0.2596832335,0.5095912416,,-0.6665906544,,-0.6665906544
1449,Drello,4,1,0.2597855365,0.4732319217,0.3665087291,0.6053996441,,0,0,0,-1,-1,,49.22,32.81,39.84,15.63,-1.689585605,-2.191798985,-2.255914887,-2.466068148,-2.150841906,-1.466574889,,0,0,0.000,TRUE,,-1.032176754,,-1.032176754,-1.015961,,-0.7192840614,,-0.7192840614
1505,Satback,4,0,0.2597855365,-2.101706476,-0.9209604698,-0.9596668535,,37.2,3,27.1188,-0.4107571593,-0.6409033931,,65.92,56.64,61.47,36.82,-0.5733978694,-0.7037256467,-0.7112348947,-1.164826037,-0.788296112,-0.8878604124,,"389,900",0,0.000,FALSE,-100.000%,-1.032176754,-0.3574,-0.6947994238,-0.8335462937,,-0.8304942382,-0.4165765634,-0.7270148195
1851,Quizzical,4,0,0.2597855365,-2.101706476,-0.9209604698,-0.9596668535,,0,0,0,-1,-1,,74.22,64.84,79.69,50,-0.0186458809,-0.1916735537,0.589924119,-0.3554644979,0.006035046614,0.07768556246,,0,0,0.000,TRUE,,-1.032176754,,-1.032176754,-1.015961,,-0.7244855729,-0.7546448064,-0.7320253813
1467,Expense.IO,4,1,0.2597855365,0.4732319217,0.3665087291,0.6053996441,,0,0,0,-1,-1,,39.11,27.88,31.74,25.39,-2.36531363,-2.499654695,-2.834366479,-1.866723032,-2.391514459,-1.546452217,,0,0,0.000,TRUE,,-1.032176754,,-1.032176754,-1.015961,,-0.7392533933,,-0.7392533933
1085,TimeStack,4,1,0.2597855365,0.4732319217,0.3665087291,0.6053996441,,0,7,0,-1,-1,,27.39,28.21,28.56,27,-3.148650173,-2.47904772,-3.06146229,-1.767855651,-2.614253959,-1.616865473,,0,0,0.000,TRUE,,-1.032176754,,-1.032176754,-1.015961,,-0.7568567074,,-0.7568567074
1852,BitChat,4,0,0.2597855365,-2.101706476,-0.9209604698,-0.9596668535,,0,0,0,-1,-1,,74.81,58.6,72.46,42.39,0.02078829659,-0.5813327074,0.07360251257,-0.8227817448,-0.3274309108,-0.5722157904,,0,0,0.000,TRUE,,-1.032176754,,-1.032176754,-1.015961,,-0.8869609111,-0.4864976334,-0.7868450917
1451,Blockcharity,4,0,0.2597855365,-2.101706476,-0.9209604698,-0.9596668535,,28.7,3,20.9223,-0.4463019337,-0.668058331,,74.85,67.43,52.73,47.66,0.02346180015,-0.0299400268,-1.335391304,-0.4991599457,-0.4602573691,-0.6784227068,,0,0,0.000,TRUE,,-1.032176754,,-1.032176754,-1.015961,,-0.830527223,-0.7522517887,-0.8109583644
1529,blockOgram,4,0,0.2597855365,-2.101706476,-0.9209604698,-0.9596668535,,1.1,3,0.8019,-0.5617179069,-0.7494784232,,60.94,65.63,71.88,52.34,-0.9062490625,-0.1423417057,0.03218252202,-0.2117690501,-0.3070443241,-0.5541158039,,0,0,0.000,TRUE,,-1.032176754,,-1.032176754,-1.015961,,-0.8198055203,,-0.8198055203
1123,Decentus,2,1,-3.919373094,0.4732319217,-1.723070586,-1.312657833,,60,7,28.697814,-0.4016995144,-0.633797692,,81.69,58.01,71.68,47.79,0.4806309088,-0.61817548,0.01789976665,-0.4911768652,-0.1527054174,-0.3907754054,,0,0,0.000,TRUE,,-1.032176754,,-1.032176754,-1.015961,,-0.8382979827,-0.8810445591,-0.8489846268
1517,Lawli,4,0,0.2597855365,-2.101706476,-0.9209604698,-0.9596668535,,87.2,3,63.5688,-0.2016702513,-0.4490771106,,42.48,36.18,40.72,27.98,-2.140070955,-1.981358064,-2.193070764,-1.707675507,-2.005543822,-1.416172243,,6,43,1.633,TRUE,,-0.3729105561,,-0.3729105561,-0.6106640288,,-0.858895059,-0.8740066516,-0.8626729572
815,H2H Vehicle Tracker,4,0,0.2597855365,-2.101706476,-0.9209604698,-0.9596668535,,23,10,8.019604122,-0.5203152337,-0.7213287972,,41.41,53.91,64.06,51.56,-2.211587175,-0.8742015265,-0.5262732127,-0.2596675327,-0.9679323618,-0.9838355359,,0,0,0.000,TRUE,,-1.032176754,,-1.032176754,-1.015961,,-0.9201980468,,-0.9201980468
1454,Bible App,4,0,0.2597855365,-2.101706476,-0.9209604698,-0.9596668535,,0,0,0,-1,-1,,63.29,58.57,72.41,26.5,-0.7491807284,-0.5832060687,0.07003182373,-1.798559807,-0.7652286951,-0.8747735107,,0,0,0.000,TRUE,,-1.032176754,,-1.032176754,-1.015961,,-0.9626003412,-0.9157804953,-0.9508953797
1871,Darchive,4,0,0.2597855365,-2.101706476,-0.9209604698,-0.9596668535,,0,1,0,-1,-1,,48.44,54.69,55.47,42.19,-1.741718925,-0.8254941323,-1.139717556,-0.835063407,-1.135498505,-1.065597722,,0,0,0.000,TRUE,,-1.032176754,,-1.032176754,-1.015961,,-1.010306394,-0.7870678933,-0.9544967688
1864,EarthData,4,0,0.2597855365,-2.101706476,-0.9209604698,-0.9596668535,,0,0,0,-1,-1,,73.44,42.19,72.85,39.65,-0.07077920031,-1.606061347,0.1014538855,-0.991040517,-0.6416067947,-0.8010036172,,0,0,0.000,TRUE,,-1.032176754,,-1.032176754,-1.015961,,-0.9441578678,-1.005472841,-0.9594866111
1516,Updoot,4,0,0.2597855365,-2.101706476,-0.9209604698,-0.9596668535,,0,0,0,-1,-1,,59.75,51.64,51.76,26.94,-0.9857857934,-1.015952533,-1.404662668,-1.77154015,-1.294485286,-1.137754493,,0,0,0.000,TRUE,,-1.032176754,,-1.032176754,-1.015961,,-1.028345587,-0.9194915813,-1.001132085
1931,Bitutopian,4,0,0.2597855365,-2.101706476,-0.9209604698,-0.9596668535,,0,0,0,-1,-1,,42.97,53.13,59.38,46.09,-2.107320536,-0.9229089207,-0.8604896882,-0.595570994,-1.121572535,-1.059043217,,,,,TRUE,,,,,,,-1.00623669,,-1.00623669
1885,ethereal.market,4,0,0.2597855365,-2.101706476,-0.9209604698,-0.9596668535,,22.8,0,22.8,-0.4355309464,-0.6599476846,,37.5,34.38,48.44,23.44,-2.472922148,-2.093759743,-1.641756407,-1.986469239,-2.048726884,-1.431337446,,,,,TRUE,,,,,,,-1.016983995,,-1.016983995
1608,BlockTrivia,4,0,0.2597855365,-2.101706476,-0.9209604698,-0.9596668535,,0,0,0,-1,-1,,45.5,52.75,52.4,30.69,-1.938221436,-0.946638164,-1.35895785,-1.541258984,-1.446269109,-1.202609292,,0,0,0.000,TRUE,,-1.032176754,,-1.032176754,-1.015961,,-1.044559286,-1.050792853,-1.046117678
1518,PlanBetter,4,0,0.2597855365,-2.101706476,-0.9209604698,-0.9596668535,,0,0,0,-1,-1,,28.19,32.3,42.95,20.53,-3.095180102,-2.223646128,-2.033818041,-2.165167424,-2.379452924,-1.542547543,,0,0,0.000,TRUE,,-1.032176754,,-1.032176754,-1.015961,,-1.129543849,-1.155631058,-1.136065652
1650,Voicestory,3,0,-1.829793779,-2.101706476,-1.965750127,-1.402052113,,0,0,0,-1,-1,,47.32,28.4,51.12,24.95,-1.816577024,-2.467183099,-1.450367485,-1.893742689,-1.906967574,-1.380929967,,0,0,0.000,TRUE,,-1.032176754,,-1.032176754,-1.015961,,-1.19973577,-1.02042585,-1.15490829
1519,Lightning Reader,4,0,0.2597855365,-2.101706476,-0.9209604698,-0.9596668535,,0,0,0,-1,-1,,34.57,18.16,18.9,9.67,-2.668756284,-3.106623761,-3.751319374,-2.832061681,-3.089690275,-1.757751483,,0,0,0.000,TRUE,,-1.032176754,,-1.032176754,-1.015961,,-1.183344834,-1.165505339,-1.17888496